location_id,name,latitude,longitude
1,Mumbai,19.0760,72.8777
2,Delhi,28.6139,77.2090
3,Kolkata,22.5726,88.3639
4,Chennai,13.0827,80.2707
5,Bengaluru,12.9716,77.5946
6,Hyderabad,17.3850,78.4867
7,Ahmedabad,23.0225,72.5714
8,Pune,18.5204,73.8567
9,Jaipur,26.9124,75.7873
10,Lucknow,26.8467,80.9462
11,Kanpur,26.4499,80.3319
12,Nagpur,21.1458,79.0882
13,Indore,22.7196,75.8577
14,Bhopal,23.2599,77.4126
15,Patna,25.5941,85.1376
16,Varanasi,25.3176,82.9739
17,Surat,21.1702,72.8311
18,Visakhapatnam,17.6868,83.2185
19,Coimbatore,11.0168,76.9558
20,Kochi,9.9312,76.2673